{
  "train_loss": [
    0.47114994164313634,
    0.1449165488599987,
    0.12911961287865736,
    0.12656339227790775,
    0.12317892966756518,
    0.12776948105747135
  ],
  "val_loss": [
    0.13103303655725335,
    0.11112770663130207,
    0.09338997633399902,
    0.10118528077562938,
    0.11175447193768925,
    0.10753323457263754
  ],
  "train_acc": [
    0.8225316050568091,
    0.9388702192350776,
    0.9494319091054568,
    0.9487918066890703,
    0.9462313970235238,
    0.9487918066890703
  ],
  "val_acc": [
    0.9465095194922938,
    0.9510426110607434,
    0.9646418857660924,
    0.9601087941976428,
    0.9555757026291931,
    0.9592021758839528
  ],
  "train_f1": [
    0.8208720256014738,
    0.942716447606415,
    0.9529833563643492,
    0.9524201550799645,
    0.9502088933136541,
    0.952656925677025
  ],
  "val_f1": [
    0.9495252808621407,
    0.9546295704183265,
    0.9674177277209998,
    0.9632023743649077,
    0.958772579514387,
    0.9618557090694351
  ],
  "lr": [
    0.001,
    0.001,
    0.001,
    0.001,
    0.001,
    0.001
  ]
}