{
  "train_loss": [
    2.1882026767730713,
    2.010422883987427,
    1.8659966135025023,
    1.7657087564468383,
    1.697308303833008,
    1.6402899618148803,
    1.5835130920410156,
    1.5683200540542603,
    1.530616753578186,
    1.5243404483795167,
    1.4662987842559814,
    1.440146237373352,
    1.4191468114852905,
    1.399752055168152,
    1.3701482553482056
  ],
  "val_loss": [
    2.1649158744812014,
    1.978038185119629,
    1.9903319969177247,
    1.877326005935669,
    1.832367772102356,
    1.6932849740982057,
    1.684556589126587,
    1.6607596406936644,
    1.7215080614089966,
    1.6165603713989258,
    1.6364752225875854,
    1.5759050273895263,
    1.6133321933746338,
    1.563060299873352,
    1.5289493923187256
  ],
  "train_acc": [
    0.203,
    0.273,
    0.3155,
    0.335,
    0.3425,
    0.389,
    0.3965,
    0.408,
    0.4245,
    0.434,
    0.463,
    0.4735,
    0.4705,
    0.4835,
    0.4985
  ],
  "val_acc": [
    0.248,
    0.28,
    0.238,
    0.282,
    0.29,
    0.36,
    0.34,
    0.364,
    0.356,
    0.39,
    0.39,
    0.422,
    0.414,
    0.438,
    0.416
  ],
  "train_f1": [
    0.18115330964038456,
    0.2550361548387504,
    0.2876995438628064,
    0.3140135679508823,
    0.33328893839523327,
    0.37763371089265657,
    0.3906627521882083,
    0.3901111007772611,
    0.4162436696162108,
    0.42171928960384236,
    0.45520428492132137,
    0.4615101173508185,
    0.4653924741793477,
    0.4757198113699993,
    0.48739811188455856
  ],
  "val_f1": [
    0.19703147527048545,
    0.25443977397550926,
    0.18761392678824312,
    0.2709909822176068,
    0.26476883978761256,
    0.3597012404658654,
    0.3273241799191852,
    0.32490592589748224,
    0.35234449890001696,
    0.38330621537084036,
    0.3879141000843128,
    0.40647635034150237,
    0.4038196281135214,
    0.424097810422822,
    0.40207805647830314
  ],
  "lr": [
    0.001,
    0.001,
    0.001,
    0.001,
    0.001,
    0.001,
    0.001,
    0.001,
    0.001,
    0.001,
    0.001,
    0.001,
    0.001,
    0.001,
    0.001
  ]
}