{
  "train_loss": [
    1.1796255689999602,
    0.478784673792264,
    0.20826861456425252,
    0.1668968004386012,
    0.14236761300749617,
    0.13322287020081997,
    0.1321724988657258,
    0.12172929905527857
  ],
  "val_loss": [
    0.685740281210525,
    0.25190609498988037,
    0.17395407769319046,
    0.15372380294101626,
    0.13150144857460005,
    0.10835876712340825,
    0.12885112212067393,
    0.11833833166122004
  ],
  "train_acc": [
    0.5365658505360857,
    0.8306929108657385,
    0.9326292206753081,
    0.9414306289006241,
    0.9467114738358138,
    0.9502320371259402,
    0.9513522163546168,
    0.9516722675628101
  ],
  "val_acc": [
    0.7416137805983681,
    0.9347234814143246,
    0.928377153218495,
    0.9383499546690843,
    0.9592021758839528,
    0.9601087941976428,
    0.9374433363553943,
    0.9492293744333635
  ],
  "train_f1": [
    0.48374820693886583,
    0.8212893057604244,
    0.9352004531758955,
    0.9445658852842418,
    0.9500782515078319,
    0.9537471260637932,
    0.9546726477583088,
    0.9551914082209422
  ],
  "val_f1": [
    0.6997310308259213,
    0.9355992172094284,
    0.9314420585539201,
    0.9416218323840949,
    0.961928773147469,
    0.9630986052252637,
    0.9411408630244585,
    0.9526933709905759
  ],
  "lr": [
    0.001,
    0.001,
    0.001,
    0.001,
    0.001,
    0.001,
    0.001,
    0.001
  ]
}