{
  "train_loss": [
    1.1306717517109257,
    0.4736709867330299,
    0.3184599962915911,
    0.24933396785578588,
    0.21659989477844502
  ],
  "val_loss": [
    0.6079156862965305,
    0.3372846259815738,
    0.23971094768612577,
    0.19276077421221643,
    0.18651593798739416
  ],
  "train_acc": [
    0.5560889742358778,
    0.8385341654664746,
    0.9003040486477837,
    0.9180668907025124,
    0.9278284525524084
  ],
  "val_acc": [
    0.7697189483227561,
    0.8939256572982774,
    0.9256572982774252,
    0.9229374433363554,
    0.9356300997280145
  ],
  "train_f1": [
    0.5097135195534284,
    0.8312816270754766,
    0.8994838980665945,
    0.9192313351217392,
    0.929300575526728
  ],
  "val_f1": [
    0.7329695893935048,
    0.8894749228743398,
    0.926380033184479,
    0.9245705040267455,
    0.9372969954810778
  ],
  "lr": [
    0.001,
    0.001,
    0.001,
    0.001,
    0.001
  ]
}