{
  "model": "MLP",
  "test_accuracy": 0.9418604651162791,
  "test_f1": 0.9381739755571532,
  "test_precision": 0.9356775300171527,
  "test_recall": 0.9409722222222222,
  "test_loss": 0.10884128545605859,
  "best_val_f1": 0.9874763361001893,
  "best_epoch": 13,
  "total_params": 14818,
  "auc_per_class": [
    0.9942129629629629,
    0.994212962962963
  ]
}