{
  "train_loss": [
    1.7968611380915798,
    1.441703122268696,
    0.82902719121736,
    0.5510216022018222,
    0.45670821639692755,
    0.4315145352024876,
    0.4182390289132481,
    0.37514753455779415,
    0.3278646665796525,
    0.38069980473302173,
    0.3365880300476209,
    0.36456837725616825,
    0.20899968761340798,
    0.32704039920187117,
    0.2423628561893098,
    0.3015459217271892,
    0.20981364710354986,
    0.1864751637432377,
    0.16720542183582218,
    0.2706574146408278,
    0.13673370840117072,
    0.2113062476631376,
    0.19072551375972835
  ],
  "val_loss": [
    0.23914169537466626,
    0.15644541833289835,
    0.1313719711331434,
    0.11311773609283358,
    0.09856764591017435,
    0.0860186281592347,
    0.08310227858465771,
    0.08428420888823132,
    0.07575686995026677,
    0.06664859806728918,
    0.061184037303508715,
    0.055944818483535635,
    0.056308585977138476,
    0.054894045948289165,
    0.05094238236373247,
    0.04719960381991641,
    0.04393495021517887,
    0.04146878724527914,
    0.04729458700518969,
    0.04893076842174281,
    0.05164893755559311,
    0.049853748446980185,
    0.04255280803975671
  ],
  "train_acc": [
    0.5843828715365239,
    0.672544080604534,
    0.7783375314861462,
    0.8261964735516373,
    0.8589420654911839,
    0.8463476070528967,
    0.853904282115869,
    0.8639798488664987,
    0.889168765743073,
    0.889168765743073,
    0.8816120906801007,
    0.8916876574307305,
    0.9017632241813602,
    0.8942065491183879,
    0.9370277078085643,
    0.9093198992443325,
    0.9370277078085643,
    0.9370277078085643,
    0.9395465994962217,
    0.9345088161209067,
    0.9496221662468514,
    0.929471032745592,
    0.947103274559194
  ],
  "val_acc": [
    0.8953488372093024,
    0.9302325581395349,
    0.9418604651162791,
    0.9534883720930233,
    0.9651162790697675,
    0.9651162790697675,
    0.9767441860465116,
    0.9651162790697675,
    0.9651162790697675,
    0.9767441860465116,
    0.9767441860465116,
    0.9767441860465116,
    0.9883720930232558,
    0.9883720930232558,
    0.9767441860465116,
    0.9767441860465116,
    0.9767441860465116,
    0.9767441860465116,
    0.9767441860465116,
    0.9767441860465116,
    0.9767441860465116,
    0.9883720930232558,
    0.9767441860465116
  ],
  "train_f1": [
    0.5759453108310191,
    0.6604247815559532,
    0.7701336982840299,
    0.8192179508331958,
    0.8503741991062295,
    0.8376278118609407,
    0.8450304205028805,
    0.8567821067821068,
    0.8824368707263232,
    0.8818196579346178,
    0.873244794674094,
    0.8833732997205769,
    0.8945249432874864,
    0.88748987854251,
    0.9321937789073121,
    0.9030446108759362,
    0.932577018443667,
    0.9327615524798624,
    0.9358746567598126,
    0.9299766634103983,
    0.9451808892571113,
    0.9237209046991656,
    0.9430427742821422
  ],
  "val_f1": [
    0.8856889676561808,
    0.9253472222222222,
    0.9381739755571532,
    0.9508290451686678,
    0.962429008300568,
    0.9629043853342919,
    0.9751157407407407,
    0.962429008300568,
    0.962429008300568,
    0.9751157407407407,
    0.9751157407407407,
    0.9751157407407407,
    0.9874763361001893,
    0.9874763361001893,
    0.9751157407407407,
    0.9751157407407407,
    0.9751157407407407,
    0.9751157407407407,
    0.9751157407407407,
    0.9751157407407407,
    0.9751157407407407,
    0.9874763361001893,
    0.9751157407407407
  ],
  "lr": [
    0.001,
    0.001,
    0.001,
    0.001,
    0.001,
    0.001,
    0.001,
    0.001,
    0.001,
    0.001,
    0.001,
    0.001,
    0.001,
    0.001,
    0.001,
    0.001,
    0.001,
    0.001,
    0.001,
    0.001,
    0.001,
    0.001,
    0.001
  ]
}