{
  "train_loss": [
    1.0674525907200267,
    0.7539202015501801,
    0.5411374653639041,
    0.4000735568950645,
    0.3655042620129844,
    0.3363167369083359,
    0.33632327721851085,
    0.3959849690853033,
    0.358469959515956,
    0.323804793018859,
    0.33491384173025224,
    0.3430638309287384,
    0.2787232985065773,
    0.2890682886802477,
    0.28009501743896575,
    0.24242806866953404,
    0.2566952464208162,
    0.2880104333519993,
    0.22584324110353599,
    0.21452790519717713
  ],
  "val_loss": [
    0.7801057291592886,
    0.6560151438116487,
    0.46035301409736074,
    0.47913937696195796,
    0.45603762279287424,
    0.32654643161450314,
    0.374512302989,
    0.4167733805512474,
    0.3170646920813719,
    0.40687030923982587,
    0.25484215335098054,
    0.3204738239429263,
    0.4152727972510071,
    0.26245110962246077,
    0.26479286603893026,
    0.18654499656215973,
    0.2663951833358377,
    0.3254055245724572,
    0.22230298286227887,
    0.2609172142562494
  ],
  "train_acc": [
    0.5509681549047848,
    0.6693871019363098,
    0.7740438470155225,
    0.8468554968795007,
    0.8652584413506161,
    0.880620899343895,
    0.8644583133301328,
    0.8470155224835973,
    0.862057929268683,
    0.8868618979036645,
    0.881581052968475,
    0.8738998239718355,
    0.8974235877740439,
    0.8923027684429509,
    0.9044647143542967,
    0.9102256361017763,
    0.9164666346615459,
    0.8891022563610178,
    0.9119859177468395,
    0.9174267882861258
  ],
  "val_acc": [
    0.671804170444243,
    0.7044424297370807,
    0.8241160471441523,
    0.8485947416137806,
    0.8485947416137806,
    0.8812330009066183,
    0.8504079782411604,
    0.85766092475068,
    0.8649138712601995,
    0.8721668177697189,
    0.8948322756119673,
    0.8794197642792384,
    0.8295557570262919,
    0.9111514052583862,
    0.8921124206708976,
    0.9365367180417045,
    0.9075249320036265,
    0.8558476881233001,
    0.9184043517679057,
    0.8921124206708976
  ],
  "train_f1": [
    0.5192484861453509,
    0.6475130516325225,
    0.7594886916351561,
    0.8415811981454485,
    0.8620587978205676,
    0.878138099236483,
    0.8606798014280005,
    0.8420787821222504,
    0.8576788977976989,
    0.8852675481260274,
    0.8804214412048589,
    0.8714773839116837,
    0.8957593962515942,
    0.8911766275596938,
    0.9045803272420249,
    0.9111813559571368,
    0.918124658458949,
    0.8881432074124095,
    0.9137657404538476,
    0.9199816738277127
  ],
  "val_f1": [
    0.6472256898432468,
    0.657700525865382,
    0.814738316309465,
    0.8446653240397716,
    0.8385300326674399,
    0.8749100436369557,
    0.8494058825489884,
    0.8475106234791694,
    0.8626100383718552,
    0.8664668558739376,
    0.8941419288602317,
    0.8767061319630233,
    0.8246545951398382,
    0.9114427963284815,
    0.8898195873592964,
    0.9376645027259499,
    0.9085851121030544,
    0.8531306977262793,
    0.9200708303304381,
    0.891589021499242
  ],
  "lr": [
    0.001,
    0.001,
    0.001,
    0.001,
    0.001,
    0.001,
    0.001,
    0.001,
    0.001,
    0.001,
    0.001,
    0.001,
    0.001,
    0.001,
    0.001,
    0.001,
    0.001,
    0.001,
    0.001,
    0.001
  ]
}